"Subj","Gender","Age","SES","Siblings","Numeracy","SOEP","SOEPdrive","SOEPfinance","SOEPhealth","SOEPoccup","SOEPrecreat","SOEPsocial","WMC","BartPumps","HoltRisk","LottRisk","LottEV","Concentration","Tiredness","Motivation","Happy","Angry","Sad","Afraid","SOEPMeans","Positive","Negative","RiskPreferences","AngryRecoded","SadRecoded","AfraidRecoded","Affect","LottRiskZScore","LottEVZScore","BartPumpsZScore"
64182001,2,25,1,1,1,8,3,3,5,7,6,6,0.575029761904762,38.47,4,0.44,0.46,81,79,89,70,21,25,30,5,79.5,25.3333333333333,-0.909089104072255,79,75,70,73.5,-0.310785827893948,-2.60178146333642,0.185299979013604
64057201,1,25,10,1,1,3,3,3,3,4,4,4,NA,15.83,7,0.52,0.76,54,45,80,84,7,32,65,3.5,82,34.6666666666667,-0.287378802946201,93,68,35,70,0.869413518538766,0.201862354914032,-1.9334122822914
68029601,1,28,3,2,3,6,1,6,4,8,8,3,0.757678571428572,44.87,2,0.52,0.78,40,30,81,100,40,10,40,5,90.5,30,0.680804900498686,60,90,60,77.5,0.869413518538766,0.388771942797396,0.784229240159895
68024101,2,24,5,1,3,4,2,1,4,3,4,6,0.609523809523809,37.9,6,0.56,0.84,79,80,79,80,29,39,70,3.33333333333333,79.5,46,0.846990579965124,71,61,30,60.5,1.45951319175512,0.949500706447486,0.131957841692762
64063501,2,23,4,4,4,8,7,6,7,8,7,8,0.864563492063493,30,5,0.58,0.86,80,10,89,70,40,60,90,7.16666666666667,79.5,63.3333333333333,0.761209285886486,60,40,10,45,1.7545630283633,1.13641029433085,-0.607345465034691
68047701,1,22,7,1,1,7,6,5,8,7,8,7,0.835744047619048,32.27,3,0.48,0.72,51,71,50,51,41,51,79,6.83333333333333,50.5,57,-0.0958519060840507,59,49,21,45,0.279313845322408,-0.171956820852695,-0.394912742721865
68020101,1,27,4,1,2,7,3,6,6,7,5,4,0.837331349206349,30.4,4,0.46,0.72,40,59,57,58,46,60,69,5.16666666666667,57.5,58.3333333333333,-0.252535066117171,54,40,31,45.75,-0.0157359912857694,-0.171956820852695,-0.569912386213048
68039601,1,27,5,1,1,4,6,2,2,2,8,4,0.692886904761905,32.62,5,0.36,0.7,40,71,80,71,53,60,21,4,75.5,44.6666666666667,-0.73733679393855,47,40,79,59.25,-1.49098517432666,-0.358866408736059,-0.362158798752928
68021301,2,21,3,3,1,5,3,6,8,7,8,4,0.815426587301587,32.43,5,0.44,0.64,50,21,90,89,40,30,11,6,89.5,27,-0.536773503824435,60,70,89,77,-0.310785827893948,-0.919595172386149,-0.379939511193208
68000301,2,23,4,2,2,9,4,4,10,10,5,8,0.816666666666667,27.93,3,0.44,0.78,80,60,84,95,25,13,3,6.83333333333333,89.5,13.6666666666667,-0.241025177677749,75,87,97,88.5,-0.310785827893948,0.388771942797396,-0.801061647936694
64190501,1,26,4,0,3,4,5,3,5,5,7,3,0.518125,29.2,4,0.36,0.76,69,30,80,70,59,40,39,4.66666666666667,75,46,-0.657111480696869,41,60,61,58,-1.49098517432666,0.201862354914032,-0.682211622677977
64100101,1,26,4,1,2,2,1,1,6,5,2,6,0.853482142857143,34.27,4,0.46,0.9,69,64,63,65,11,15,4,3.5,64,10,0.428915376732719,89,85,96,83.75,-0.0157359912857694,1.51022947009758,-0.207747348613649
68037501,2,32,7,3,4,8,4,1,11,9,10,9,0.873065476190476,42.17,6,0.54,0.84,80,61,70,77,27,35,66,7.33333333333333,73.5,42.6666666666667,0.881840006569411,73,65,34,62.25,1.16446335514694,0.949500706447486,0.531555958113804
64170601,2,22,4,1,0,3,1,6,3,5,4,3,0.609871031746032,21.37,4,0.36,0.72,100,0,99,99,10,9,80,3.66666666666667,99,33,-1.02596871193033,90,91,20,75,-1.49098517432666,-0.171956820852695,-1.41496414061164
68016201,1,24,3,1,3,6,5,3,9,8,10,2,0.893571428571428,51.47,6,0.52,0.9,80,41,79,79,20,30,30,6.16666666666667,79,26.6666666666667,1.26050600978445,80,70,70,74.75,0.869413518538766,1.51022947009758,1.40187504071701
68017001,2,23,4,1,3,4,7,7,5,5,6,5,0.728015873015873,26.9,3,0.4,0.68,70,30,89,90,10,0,20,5.83333333333333,89.5,10,-0.781371107877384,90,100,80,90,-0.900885501110305,-0.545775996619422,-0.897451825902426
68031601,1,25,7,2,1,6,2,2,2,8,8,2,0.580853174603175,23.37,4,0.3,0.66,83,49,94,78,22,27,10,4,86,19.6666666666667,-1.44553967171914,78,73,90,79.75,-2.3761346841512,-0.732685584502785,-1.22779874650343
68046501,2,31,2,2,0,8,8,9,9,9,8,8,0.628095238095238,52.93,1,0.32,0.78,25,54,49,29,51,66,70,8.5,39,62.3333333333333,-0.0512690421098722,49,34,30,35.5,-2.08108484754302,0.388771942797396,1.53850577841601
68001901,1,21,3,4,0,10,6,2,5,2,11,2,0.654117063492063,29.07,5,0.52,0.84,88,62,93,83,22,56,36,4.66666666666667,88,38,0.374845617230413,78,44,64,67.25,0.869413518538766,0.949500706447486,-0.694377373295011
64103801,2,21,4,1,1,5,2,6,8,5,9,8,0.748323412698413,49.57,5,0.46,0.8,46,37,62,47,35,53,38,6.33333333333333,54.5,42,0.594671151903064,65,47,62,55.25,-0.0157359912857694,0.57568153068076,1.2240679163142
68015001,2,23,7,1,1,6,8,4,3,8,7,6,0.554464285714286,50.53,7,0.56,0.68,79,50,69,65,0,40,20,6,67,20,0.74254816687395,100,60,80,76.25,1.45951319175512,-0.545775996619422,1.31390730548615
64056701,2,23,3,1,4,8,4,6,10,5,3,5,0.878343253968254,27.33,3,0.54,0.72,76,17,81,84,8,7,17,5.5,82.5,10.6666666666667,0.0450984227083633,92,93,83,88,1.16446335514694,-0.171956820852695,-0.857211266169159
64051501,1,28,4,1,4,6,4,3,5,8,7,8,0.916369047619047,43.13,7,0.42,0.8,70,0,95,94,20,9,60,5.83333333333333,94.5,29.6666666666667,0.197080404488127,80,91,40,76.25,-0.605835664502127,0.57568153068076,0.621395347285748
68001201,1,25,10,3,0,3,8,1,8,6,6,4,0.624642857142857,15.73,5,0.44,0.68,39,70,89,39,0,59,68,5.5,64,42.3333333333333,-0.933110792170061,100,41,32,53,-0.310785827893948,-0.545775996619422,-1.94277055199681
68033601,1,21,6,1,2,3,3,2,1,3,1,3,0.597291666666667,45.23,3,0.46,0.78,40,84,53,82,53,20,58,2.16666666666667,67.5,43.6666666666667,0.396984987537,47,80,42,62.75,-0.0157359912857694,0.388771942797396,0.817919011099374
64204501,2,22,9,1,2,5,1,1,8,1,1,3,0.598452380952381,44.23,6,0.42,0.78,61,59,70,67,14,14,33,2.5,68.5,20.3333333333333,0.169090864113512,86,86,67,76.5,-0.605835664502127,0.388771942797396,0.724336314045266
64069601,1,24,6,2,1,7,4,4,9,7,8,10,0.713263888888889,35,5,0.46,0.82,80,39,90,85,12,31,16,7,87.5,19.6666666666667,0.202474382504734,88,69,84,81.5,-0.0157359912857694,0.762591118564122,-0.139431979764151
64144501,1,23,3,3,1,9,6,8,7,9,10,2,0.692470238095238,20.8,6,0.48,0.78,50,45,98,55,40,50,47,7,76.5,45.6666666666667,-0.266740163270893,60,50,53,54.5,0.279313845322408,0.388771942797396,-1.46830627793248
68025501,1,24,2,0,1,8,2,3,6,8,5,7,0.878134920634921,41.5,5,0.44,0.86,85,74,93,30,42,58,11,5.16666666666667,61.5,37,0.431493339174818,58,42,89,54.75,-0.310785827893948,1.13641029433085,0.468855551087551
68031801,1,22,4,0,2,6,2,3,8,5,8,4,0.780525793650793,9.97,3,0.48,0.9,91,30,99,60,0,35,69,5,79.5,34.6666666666667,-0.230754523869496,100,65,31,64,0.279313845322408,1.51022947009758,-2.48180688702847
64079801,2,22,3,2,0,9,8,6,8,8,8,8,0.698492063492063,46.03,7,0.54,0.62,69,14,80,92,6,3,0,7.66666666666667,86,3,0.316914587873364,94,97,100,95.75,1.16446335514694,-1.10650476026951,0.892785168742661
68018401,2,23,5,3,3,4,2,7,4,5,7,6,0.575664682539683,46.17,6,0.58,0.9,39,59,67,65,20,32,35,5.16666666666667,66,29,1.39022641493037,80,68,65,69.5,1.7545630283633,1.51022947009758,0.905886746330236
68001501,2,24,6,4,1,7,4,5,7,5,8,8,0.780128968253968,38.53,3,0.54,0.82,89,28,100,100,0,0,0,6.16666666666667,100,0,0.705989804849306,100,100,100,100,1.16446335514694,0.762591118564122,0.190914940836851
68047101,1,22,4,3,1,9,2,5,7,2,8,6,0.692847222222222,43.87,4,0.38,0.52,66,33,84,61,31,43,30,5,72.5,34.6666666666667,-0.848780498099675,69,57,70,64.25,-1.19593533771848,-2.04105269968633,0.690646543105787
68034001,2,24,4,1,0,5,5,4,7,6,6,5,0.627430555555556,23.27,5,0.4,0.76,67,61,92,60,29,35,58,5.5,76,40.6666666666667,-0.64539338746837,71,65,42,59.5,-0.900885501110305,0.201862354914032,-1.23715701620884
68044201,2,30,7,1,4,5,3,6,1,6,7,10,0.745803571428571,36.33,5,0.46,0.78,20,58,71,59,40,19,80,5.5,65,46.3333333333333,0.119356319609813,60,81,20,55,-0.0157359912857694,0.388771942797396,-0.0149669926821871
68010501,2,22,5,0,3,9,7,5,5,7,9,3,0.869543650793651,28.17,5,0.46,0.72,63,40,32,59,70,2,71,6,45.5,47.6666666666667,-0.322098204260724,30,98,29,54,-0.0157359912857694,-0.171956820852695,-0.778601800643708
68012401,1,20,4,2,1,7,4,1,3,5,8,2,0.730386904761905,46.17,4,0.32,0.7,79,31,89,70,19,10,11,3.83333333333333,79.5,13.3333333333333,-0.511354836649614,81,90,89,82.5,-2.08108484754302,-0.358866408736059,0.905886746330236
64205801,1,21,10,1,3,7,5,3,3,6,8,4,0.871825396825397,43.5,4,0.46,0.8,79,27,74,70,24,19,11,4.83333333333333,72,18,0.405322161530253,76,81,89,79,-0.0157359912857694,0.57568153068076,0.656020945195767
64082001,1,22,5,1,1,7,3,2,7,4,9,5,0.843571428571429,29.8,5,0.44,0.78,75,62,92,84,26,45,6,5,88,25.6666666666667,-0.182691963180688,74,55,94,76.75,-0.310785827893948,0.388771942797396,-0.626062004445512
68018101,2,23,2,2,1,3,8,5,3,2,3,2,0.698988095238095,36.43,4,0.38,0.72,59,64,87,63,60,42,38,3.83333333333333,75,46.6666666666667,-0.457833627182652,40,58,62,55.75,-1.19593533771848,-0.171956820852695,-0.00560872297677621
68039301,2,22,1,1,1,8,8,7,11,9,5,1,0.30000992063492,23.76,6,0.46,0.82,54,45,41,80,20,21,90,6.83333333333333,60.5,43.6666666666667,-0.148148789124657,80,79,10,62.25,-0.0157359912857694,0.762591118564122,-1.19130149465232
64110701,1,27,4,2,3,8,8,7,8,8,8,10,0.439464285714286,58.57,6,0.48,0.64,69,60,79,74,31,31,20,8.16666666666667,76.5,27.3333333333333,0.475343620912478,69,69,80,73,0.279313845322408,-0.919595172386149,2.06631218980118
68048401,1,24,6,2,0,8,4,5,2,2,6,1,0.659027777777778,41.6,4,0.38,0.56,70,50,90,90,20,0,10,3.33333333333333,90,10,-0.794985013615041,80,100,90,90,-1.19593533771848,-1.6672335239196,0.478213820792962
68033301,1,22,5,1,2,7,1,4,1,7,8,3,0.810059523809523,41.9,2,0.44,0.72,29,72,41,75,23,24,62,4,58,36.3333333333333,0.00784866038751707,77,76,38,66.5,-0.310785827893948,-0.171956820852695,0.506288629909195
68012101,2,25,4,3,4,4,1,6,1,2,3,1,0.834940476190476,51.63,4,0.46,0.7,90,20,100,74,40,20,9,2.33333333333333,87,23,0.347415290741279,60,80,91,76.25,-0.0157359912857694,-0.358866408736059,1.41684827224567
64136801,1,26,3,1,0,7,1,1,3,4,8,6,0.676140873015873,30.5,5,0.3,0.6,69,31,79,79,11,10,30,3.83333333333333,79,17,-1.41003438293724,89,90,70,82,-2.3761346841512,-1.29341434815288,-0.560554116507637
64127201,1,27,5,1,4,7,3,3,4,6,8,8,0.872817460317461,48.07,3,0.42,0.68,52,59,47,70,24,0,21,5.33333333333333,58.5,15,-0.0226392634628357,76,100,79,81.25,-0.605835664502127,-0.545775996619422,1.08369387073304
64171601,1,35,3,3,1,5,2,2,2,5,6,3,0.491279761904762,44.1,3,0.44,0.74,66,22,80,61,35,33,11,3.33333333333333,70.5,26.3333333333333,0.138779167521651,65,67,89,70.5,-0.310785827893948,0.0149527670306685,0.712170563428232
68007501,2,21,3,1,3,7,4,6,6,8,8,7,0.670525793650793,47.33,2,0.44,0.76,70,60,60,70,21,69,20,6.5,65,36.6666666666667,0.301839733977695,79,31,80,65,-0.310785827893948,0.201862354914032,1.014442674913
64129701,1,24,4,1,3,3,3,2,3,2,4,4,0.602123015873016,23.57,3,0.48,0.82,79,10,90,90,9,0,0,3,90,3,-0.0557257477353582,91,100,100,95.25,0.279313845322408,0.762591118564122,-1.20908220709261
68002001,1,21,4,4,2,6,5,5,7,7,8,8,0.800535714285714,40.33,4,0.44,0.64,89,17,93,90,41,40,69,6.66666666666667,91.5,50,-0.290339068248617,59,60,31,60,-0.310785827893948,-0.919595172386149,0.359363795534245
68037901,1,23,3,1,0,9,6,2,5,9,9,6,0.779424603174603,32.53,4,0.44,0.64,31,70,59,59,0,0,0,6.16666666666667,59,0,-0.533654080589298,100,100,100,89.75,-0.310785827893948,-0.919595172386149,-0.370581241487797
64169101,1,22,6,1,3,4,3,1,4,4,7,8,0.836934523809524,44.33,6,0.5,0.86,71,59,66,74,16,21,20,4.5,70,19,0.814822853337371,84,79,80,79.25,0.574363681930587,1.13641029433085,0.733694583750677
68049201,2,26,3,3,0,9,5,1,9,10,9,6,0.712083333333333,44.93,3,0.44,0.78,77,45,89,85,12,17,16,6.66666666666667,87,15,0.28927677229553,88,83,84,85,-0.310785827893948,0.388771942797396,0.789844201983142
68044801,2,23,7,2,3,5,4,1,9,6,2,3,0.956736111111111,40.9,6,0.54,0.96,37,56,88,58,11,50,69,4.16666666666667,73,43.3333333333333,1.2160425072499,89,50,31,57,1.16446335514694,2.07095823374767,0.412705932855086
64204701,1,28,2,0,0,9,9,8,7,8,9,5,0.772589285714286,50.9,7,0.6,0.78,90,74,79,70,20,31,21,7.66666666666667,74.5,24,1.26230590372168,80,69,79,74.5,2.04961286497148,0.388771942797396,1.34853290339617
68028101,2,27,3,2,0,8,2,4,6,9,5,7,NA,64.03,5,0.42,0.54,50,60,79,60,28,40,44,5.5,69.5,37.3333333333333,0.0390983131371706,72,60,56,62,-0.605835664502127,-1.85414311180297,2.57727371571661
68021401,2,21,3,3,2,9,8,6,7,8,8,2,0.761785714285714,22.34,3,0.6,0.74,70,60,90,89,69,20,9,6.5,89.5,32.6666666666667,0.24679223584433,31,80,91,72.75,2.04961286497148,0.0149527670306685,-1.32418892446916
68039001,2,27,3,1,2,6,3,2,1,4,1,6,0.724831349206349,39.73,6,0.46,0.92,71,20,81,81,21,41,58,2.83333333333333,81,40,0.661539081332317,79,59,42,65.25,-0.0157359912857694,1.69713905798094,0.30321417730178
68027301,1,22,4,1,1,5,5,1,8,6,7,4,0.885367063492063,21.23,4,0.42,0.7,89,90,59,70,0,20,30,5.16666666666667,64.5,16.6666666666667,-0.797589263812468,100,80,70,80,-0.605835664502127,-0.358866408736059,-1.42806571819922
64020401,2,26,3,1,2,7,1,2,3,4,7,5,0.722083333333334,50.03,3,0.42,0.9,37,69,75,81,18,16,24,3.66666666666667,78,19.3333333333333,0.723836587518181,82,84,76,80.75,-0.605835664502127,1.51022947009758,1.26711595695909
68015601,2,21,3,2,2,7,3,3,2,2,5,2,0.859037698412698,42.07,6,0.46,0.8,59,30,69,89,21,30,60,2.83333333333333,79,37,0.360714409267794,79,70,40,69.5,-0.0157359912857694,0.57568153068076,0.522197688408393
64202501,1,21,6,3,0,9,8,7,8,5,5,7,0.800248015873016,15.4,4,0.44,0.66,71,65,85,70,21,36,60,6.66666666666667,77.5,39,-1.00570808480713,79,64,40,63.25,-0.310785827893948,-0.732685584502785,-1.97365284202467
68029701,1,25,3,1,0,8,1,5,5,8,6,7,0.627440476190476,48.83,4,0.52,0.74,79,60,80,60,59,59,19,5.33333333333333,70,45.6666666666667,0.679727668687866,41,41,81,55.75,0.869413518538766,0.0149527670306685,1.15481672049416
64116901,1,22,5,2,2,7,3,7,8,5,10,10,0.578194444444444,42.2,3,0.44,0.74,87,10,90,95,10,0,21,7.16666666666667,92.5,10.3333333333333,0.0795101260540493,90,100,79,91,-0.310785827893948,0.0149527670306685,0.534363439025427
64125001,1,22,3,1,2,8,9,7,8,6,8,9,0.745039682539682,39.3,5,0.54,0.78,76,45,86,75,10,22,76,7.83333333333333,80.5,36,0.605402971837618,90,78,24,66.75,1.16446335514694,0.388771942797396,0.262973617568514
68032101,2,25,5,1,2,9,6,8,4,4,8,7,0.718392857142857,36.4,3,0.42,0.76,100,7,100,88,6,11,16,6.16666666666667,94,11,-0.137463171158831,94,89,84,88.75,-0.605835664502127,0.201862354914032,-0.00841620388839956
64130201,1,26,4,1,2,5,1,1,6,5,1,9,0.756765873015873,34.3,4,0.44,0.56,73,38,80,85,6,24,12,3.83333333333333,82.5,14,-0.727653073171859,94,76,88,85.75,-0.310785827893948,-1.6672335239196,-0.204939867702027
64185101,1,24,3,1,0,3,3,3,2,6,7,1,0.657142857142857,35.13,3,0.48,0.76,91,0,100,100,0,0,0,3.66666666666667,100,0,0.117969990363108,100,100,100,100,0.279313845322408,0.201862354914032,-0.127266229147116
64070201,1,27,3,1,2,7,2,2,7,8,7,8,0.695357142857143,27.77,1,0.48,0.76,70,11,70,89,20,7,20,5.66666666666667,79.5,15.6666666666667,-0.11161955974297,80,93,80,85.5,0.279313845322408,0.201862354914032,-0.816034879465352
68047601,1,24,4,1,3,7,3,3,3,4,7,8,0.526031746031746,40.6,3,0.4,0.78,72,59,69,88,18,18,34,4.66666666666667,78.5,23.3333333333333,-0.0424941448580181,82,82,66,79.5,-0.900885501110305,0.388771942797396,0.384631123738854
68019301,2,25,4,3,3,5,7,4,10,5,8,6,0.769146825396825,46.6,3,0.52,0.72,100,20,80,95,9,0,11,6.66666666666667,87.5,6.66666666666667,0.547861334583191,91,100,89,93.75,0.869413518538766,-0.171956820852695,0.946127306063502
68017901,2,22,6,0,1,9,11,7,9,8,9,9,0.807837301587301,45.7,4,0.46,0.94,60,31,85,49,38,49,66,8.83333333333333,67,51,0.910071844431113,62,51,34,49,-0.0157359912857694,1.8840486458643,0.861902878714805
68047001,2,31,4,0,4,7,7,5,7,6,8,8,0.805863095238095,41.1,5,0.42,0.84,62,74,85,78,59,41,29,6.83333333333333,81.5,43,0.258362504737089,41,59,71,62.25,-0.605835664502127,0.949500706447486,0.431422472265908
64079401,2,24,3,2,4,5,3,3,8,4,4,3,0.938462301587301,50.41,6,0.38,0.76,90,70,90,71,31,28,39,4.16666666666667,80.5,32.6666666666667,0.102868133011734,69,72,61,68.25,-1.19593533771848,0.201862354914032,1.30267738183965
68023401,2,21,9,1,2,8,10,9,5,6,6,4,0.743640873015873,37.87,5,0.5,0.82,87,79,76,64,3,44,16,6.66666666666667,70,21,0.488701720425283,97,56,84,75.25,0.574363681930587,0.762591118564122,0.129150360781139
68004401,1,21,6,2,3,4,4,3,3,3,5,4,0.622371031746032,30.63,7,0.44,0.82,74,49,76,81,25,16,27,3.66666666666667,78.5,22.6666666666667,-0.0321943584068096,75,84,73,78.25,-0.310785827893948,0.762591118564122,-0.548388365890603
68027401,2,21,4,0,2,8,6,6,6,6,11,6,0.710456349206349,36.6,2,0.46,0.66,70,60,100,90,10,0,1,6.83333333333333,95,3.66666666666667,-0.246040413422044,90,100,99,94.75,-0.0157359912857694,-0.732685584502785,0.0103003355224223
64093501,1,24,5,2,1,3,3,3,1,4,5,1,0.684970238095238,32.13,4,0.52,0.76,42,50,70,93,10,11,11,2.83333333333333,81.5,10.6666666666667,0.221087184381119,90,89,89,90.25,0.869413518538766,0.201862354914032,-0.40801432030944
68002201,1,23,1,3,1,3,3,4,2,6,6,7,0.295089285714286,12.64,5,0.38,0.38,83,56,85,85,34,11,6,4.66666666666667,85,17,-2.25909874616079,66,89,94,83.5,-1.19593533771848,-3.34941981486987,-2.23194108589401
64141301,1,21,3,0,0,4,1,1,1,5,4,8,0.66609126984127,27.77,5,0.44,0.7,70,20,80,79,11,21,0,3.33333333333333,79.5,10.6666666666667,-0.495229038698453,89,79,100,86.75,-0.310785827893948,-0.358866408736059,-0.816034879465352
64100901,1,23,4,1,0,6,7,4,5,6,8,5,0.530089285714286,40.43,4,0.38,0.68,79,19,75,80,19,40,65,5.83333333333333,77.5,41.3333333333333,-0.457663089699416,81,60,35,64,-1.19593533771848,-0.545775996619422,0.368722065239656
64070601,1,24,5,0,2,3,6,1,2,2,4,1,0.654652777777778,26.43,2,0.44,0.76,33,22,66,66,34,59,79,2.66666666666667,66,57.3333333333333,-0.350119722165924,66,41,21,48.5,-0.310785827893948,0.201862354914032,-0.941435693517856
64090301,2,34,4,1,4,5,2,4,2,6,7,4,0.805585317460317,35.97,6,0.5,0.7,40,44,65,74,31,32,44,4.16666666666667,69.5,35.6666666666667,0.0556135031909541,69,68,56,66.75,0.574363681930587,-0.358866408736059,-0.048656763621666
68012901,2,21,7,2,4,3,7,3,7,6,3,5,NA,35.73,4,0.48,0.78,77,14,74,70,6,26,29,5.16666666666667,72,20.3333333333333,0.198989725735051,94,74,71,77.25,0.279313845322408,0.388771942797396,-0.0711166109146521
68050901,1,24,4,5,2,8,1,3,6,6,6,8,0.57969246031746,38.59,5,0.42,0.74,62,63,75,81,25,35,14,5,78,24.6666666666667,-0.131450998270454,75,65,86,76.75,-0.605835664502127,0.0149527670306685,0.196529902660097
68036701,1,22,6,2,2,6,2,4,3,8,7,9,0.776577380952381,40.33,4,0.54,0.72,40,38,75,67,12,19,40,5.5,71,23.6666666666667,0.450623443276165,88,81,60,74,1.16446335514694,-0.171956820852695,0.359363795534245
64178801,1,26,2,2,0,8,3,8,6,8,3,7,0.670089285714286,14.1,4,0.38,0.82,76,20,71,94,21,14,17,5.83333333333333,82.5,17.3333333333333,-0.842884855783123,79,86,83,85.5,-1.19593533771848,0.762591118564122,-2.09531034819501
68021101,1,20,6,1,3,5,3,3,6,8,6,5,0.831775793650794,16.6,4,0.5,0.76,89,70,99,99,10,10,71,5.16666666666667,99,30.3333333333333,-0.361709189571706,90,90,29,77,0.574363681930587,0.201862354914032,-1.86135360555974
68009501,1,21,3,1,2,4,4,4,5,7,5,9,0.663323412698413,25.43,3,0.5,0.7,80,55,81,79,20,20,20,5.66666666666667,80,20,-0.273173705792479,80,80,80,79.75,0.574363681930587,-0.358866408736059,-1.03501839057196
64186801,2,31,6,0,1,8,1,1,7,9,8,6,0.563055555555555,29.17,2,0.58,0.72,78,37,89,99,7,6,0,5.33333333333333,94,4.33333333333333,0.299195701307002,93,94,100,96.5,1.7545630283633,-0.171956820852695,-0.6850191035896
68019601,1,20,5,2,1,8,2,2,2,10,9,6,0.767698412698413,44.27,5,0.48,0.7,70,46,91,86,20,16,14,5.16666666666667,88.5,16.6666666666667,0.21617568617126,80,84,86,84,0.279313845322408,-0.358866408736059,0.728079621927431
64207801,2,22,4,1,1,8,1,3,5,6,7,4,0.583948412698412,35.27,7,0.34,0.8,45,45,60,70,19,35,34,4.33333333333333,65,29.3333333333333,-0.441506043937874,81,65,66,70.5,-1.78603501093484,0.57568153068076,-0.114164651559541
68030701,1,29,6,3,1,6,7,1,7,7,9,8,0.666289682539682,49.97,6,0.4,0.68,69,40,79,79,10,20,21,6.5,79,17,-0.0617201675312933,90,80,79,82,-0.900885501110305,-0.545775996619422,1.26150099513585
68047501,1,22,3,1,2,9,7,6,7,9,8,5,0.445426587301587,52.93,2,0.44,0.66,70,80,79,90,59,20,30,7,84.5,36.3333333333333,0.165011455339758,41,80,70,70.25,-0.310785827893948,-0.732685584502785,1.53850577841601
68038101,1,23,5,1,2,3,2,1,2,4,4,2,0.590843253968254,35.63,6,0.4,0.8,70,30,79,60,40,40,59,2.5,69.5,46.3333333333333,-0.135226283683202,60,60,41,55.25,-0.900885501110305,0.57568153068076,-0.0804748806200624
64158001,1,28,3,2,0,7,3,2,4,4,5,3,NA,2.14,6,0.5,0.54,100,0,100,100,29,0,0,3.5,100,9.66666666666667,-1.49811294494484,71,100,100,92.75,0.574363681930587,-1.85414311180297,-3.21455940496214
68039201,1,24,7,1,3,5,7,3,9,2,8,7,0.745982142857143,28.07,3,0.42,0.82,61,59,100,70,0,41,41,6,85,27.3333333333333,-0.210401538762375,100,59,59,72,-0.605835664502127,0.762591118564122,-0.787960070349119
64159301,1,23,3,2,0,6,5,7,9,7,8,8,0.563541666666666,37.9,3,0.48,0.86,61,66,76,60,56,25,65,7.33333333333333,68,48.6666666666667,0.515893993782007,44,75,35,53.5,0.279313845322408,1.13641029433085,0.131957841692762
68003301,2,27,4,1,3,4,1,1,7,7,8,2,0.626795634920635,14.4,1,0.32,0.6,39,80,70,70,70,59,34,4.33333333333333,70,54.3333333333333,-1.81391157825822,30,41,66,51.75,-2.08108484754302,-1.29341434815288,-2.06723553907878
64199601,2,23,6,2,0,8,1,1,8,6,1,8,0.718095238095238,45.8,4,0.6,0.84,39,64,79,80,34,40,29,4.16666666666667,79.5,34.3333333333333,1.29012490661306,66,60,71,69.25,2.04961286497148,0.949500706447486,0.871261148420216
64180601,1,23,4,1,0,7,5,4,4,6,8,4,0.562797619047619,31.03,5,0.38,0.56,69,0,74,69,0,31,14,5.16666666666667,71.5,15,-1.12470804956902,100,69,86,81,-1.19593533771848,-1.6672335239196,-0.510955287068959
64046301,2,23,5,2,3,7,4,4,5,3,5,3,0.847460317460317,35.73,3,0.46,0.86,90,41,80,79,30,0,59,4,79.5,29.6666666666667,0.349852564043476,70,100,41,72.5,-0.0157359912857694,1.13641029433085,-0.0711166109146521
68042001,1,20,5,3,0,4,3,1,7,3,6,9,0.535704365079365,46.33,3,0.38,0.82,71,60,90,81,21,31,31,4.83333333333333,85.5,27.6666666666667,0.162505252901511,79,69,69,74.5,-1.19593533771848,0.762591118564122,0.920859977858893
64181801,1,36,6,0,2,4,3,4,3,6,3,8,NA,34.9,4,0.36,0.7,81,60,81,40,60,30,10,4.5,60.5,33.3333333333333,-0.666213944177428,40,70,90,60,-1.49098517432666,-0.358866408736059,-0.148790249469562
68036801,2,24,3,1,3,5,4,5,7,6,7,8,0.57953373015873,35.83,2,0.5,0.74,89,98,89,99,20,9,40,6.16666666666667,94,23,0.175852702584005,80,91,60,82.5,0.574363681930587,0.0149527670306685,-0.0617583412092412
68036601,1,24,4,3,3,8,4,3,1,8,9,5,0.858492063492063,34.7,5,0.48,0.8,71,21,40,61,21,50,30,5,50.5,33.6666666666667,0.229162862374262,79,50,70,65,0.279313845322408,0.57568153068076,-0.167506788880383
68043201,1,24,9,1,1,7,4,3,5,8,7,7,0.726299603174603,21.03,5,0.5,0.68,79,59,99,80,20,22,41,5.66666666666667,89.5,27.6666666666667,-0.472731524099625,80,78,59,74.25,0.574363681930587,-0.545775996619422,-1.44678225761004
68027101,2,22,6,2,1,9,1,1,9,7,10,2,0.434444444444444,34.07,5,0.48,0.44,71,60,89,89,0,21,86,5,89,35.6666666666667,-0.911947031307282,100,79,14,70.5,0.279313845322408,-2.78869105121978,-0.226463888024471
68026001,1,22,4,1,2,3,3,3,4,4,4,5,0.845803571428571,31.4,6,0.58,0.8,89,11,89,80,10,31,30,3.83333333333333,84.5,23.6666666666667,0.61797162329504,90,69,70,77.25,1.7545630283633,0.57568153068076,-0.47632968915894
68017801,1,21,5,1,2,6,4,1,1,4,7,6,0.664553571428572,32.63,3,0.42,0.78,67,63,73,61,42,16,20,3.83333333333333,67,26,-0.192762231162372,58,84,80,70.75,-0.605835664502127,0.388771942797396,-0.361222971782386
64022901,1,23,7,1,4,6,7,5,7,8,9,4,0.649047619047619,34.1,4,0.66,0.64,37,47,59,55,47,48,41,6.66666666666667,57,45.3333333333333,0.597170265099006,53,52,59,54.75,2.93476237479601,-0.919595172386149,-0.223656407112848
64174801,1,20,5,2,0,5,2,4,6,6,7,9,0.822708333333333,37.13,5,0.6,0.82,43,61,63,64,49,54,35,5.66666666666667,63.5,46,0.957367716165567,51,46,65,56.5,2.04961286497148,0.762591118564122,0.0598991649610997
64182301,2,32,4,1,3,7,2,3,8,8,6,8,0.745873015873016,47.9,6,0.6,0.84,80,69,80,81,30,40,40,5.83333333333333,80.5,36.6666666666667,1.35563279455094,70,60,60,67.75,2.04961286497148,0.949500706447486,1.06778481223384
68033401,1,24,5,1,1,3,4,4,7,4,7,8,0.79875,60.24,6,0.46,0.76,59,28,70,80,31,20,31,5.66666666666667,75,27.3333333333333,0.802907219169933,69,80,69,74.5,-0.0157359912857694,0.201862354914032,2.22259529388154
68015901,2,23,4,3,3,3,4,2,2,2,4,2,0.755972222222222,39.93,3,0.52,0.84,70,89,80,89,3,10,0,2.66666666666667,84.5,4.33333333333333,0.713614980566284,97,90,100,94,0.869413518538766,0.949500706447486,0.321930716712602
64047801,1,24,6,0,1,2,1,1,2,1,6,3,0.740386904761905,44.1,6,0.36,0.66,70,29,69,69,20,47,20,2.33333333333333,69,29,-0.503833398467072,80,53,80,70.5,-1.49098517432666,-0.732685584502785,0.712170563428232
64171101,1,31,7,2,0,6,1,1,6,6,6,6,0.346111111111111,52.1,5,0.56,0.42,40,61,60,69,0,41,60,4.33333333333333,64.5,33.6666666666667,-0.0184184358289761,100,59,40,67,1.45951319175512,-2.97560063910315,1.4608321398611
68015201,1,23,5,1,1,10,6,4,8,8,10,8,0.573650793650794,43.7,5,0.46,0.78,30,70,59,60,10,40,3,7.33333333333333,59.5,17.6666666666667,0.349257812039405,90,60,97,76.75,-0.0157359912857694,0.388771942797396,0.674737484606589
64176401,2,24,6,1,1,5,4,4,5,5,7,6,0.674394841269841,32.31,5,0.44,0.46,69,54,75,79,30,11,14,5.16666666666667,77,18.3333333333333,-1.10124557535669,70,89,86,81,-0.310785827893948,-2.60178146333642,-0.391169434839701
64131001,1,20,3,1,3,8,5,1,7,6,7,7,0.802073412698413,37.73,5,0.44,0.82,100,20,90,90,1,9,30,5.5,90,13.3333333333333,0.189284691287913,99,91,70,87.5,-0.310785827893948,0.762591118564122,0.116048783193564
68008001,1,31,9,1,0,9,8,6,8,6,8,9,0.815505952380952,22.47,3,0.54,0.52,71,69,74,65,30,30,30,7.5,69.5,30,-0.729537506130503,70,70,70,68.75,1.16446335514694,-2.04105269968633,-1.31202317385212
68033901,1,21,5,1,0,9,1,8,10,9,10,10,0.305704365079365,35.2,6,0.46,0.64,80,57,89,50,60,64,40,8,69.5,54.6666666666667,-0.352015534675082,40,36,60,46.5,-0.0157359912857694,-0.919595172386149,-0.120715440353329
68030001,2,28,4,1,2,6,7,7,6,5,5,3,0.809513888888889,44.93,6,0.52,0.9,70,69,71,81,40,41,69,5.5,76,50,1.05649573020649,60,59,31,57.75,0.869413518538766,1.51022947009758,0.789844201983142
68042801,1,22,6,0,2,7,7,2,7,2,9,4,0.654424603174603,26.67,2,0.42,0.72,68,43,83,95,7,10,18,5.16666666666667,89,11.6666666666667,-0.565589443859897,93,90,82,90,-0.605835664502127,-0.171956820852695,-0.91897584622487
64199301,1,20,7,3,2,9,6,9,10,9,6,10,0.676696428571429,37.77,6,0.52,0.58,76,71,78,70,36,26,11,8.33333333333333,74,24.3333333333333,-0.163706108807248,64,74,89,74.25,0.869413518538766,-1.48032393603624,0.119792091075729
68012301,2,20,5,2,3,4,4,2,2,4,6,2,0.853958333333333,35,3,0.4,0.76,69,30,63,71,10,3,69,3.33333333333333,67,27.3333333333333,-0.279485041986808,90,97,31,72.25,-0.900885501110305,0.201862354914032,-0.139431979764151
64177901,1,30,6,1,1,7,9,8,6,8,7,8,0.597688492063492,42.67,4,0.5,0.76,59,11,80,81,28,10,40,7.66666666666667,80.5,26,0.451524447828492,72,90,60,75.75,0.574363681930587,0.201862354914032,0.578347306640858
68043101,1,26,4,1,3,3,2,2,2,5,6,3,0.75155753968254,48.57,3,0.42,0.84,42,39,85,67,43,59,61,3.33333333333333,76,54.3333333333333,0.491383420401818,57,41,39,51,-0.605835664502127,0.949500706447486,1.1304852192601
68032301,1,25,5,3,2,4,3,2,5,4,5,4,0.69671626984127,40.27,4,0.48,0.86,80,10,89,90,20,9,55,3.83333333333333,89.5,28,0.589824324454752,80,91,45,76.5,0.279313845322408,1.13641029433085,0.353748833710999
64018301,1,25,5,3,0,2,1,2,1,8,8,1,0.487837301587302,32.1,7,0.34,0.62,91,61,100,90,0,0,22,3.5,95,7.33333333333333,-1.10112052414181,100,100,78,92,-1.78603501093484,-1.10650476026951,-0.410821801221064
64051301,1,25,4,1,4,8,7,5,7,7,9,6,0.76141865079365,36.17,3,0.4,0.76,40,50,70,79,41,30,20,6.83333333333333,74.5,30.3333333333333,-0.242987790135706,59,70,80,72,-0.900885501110305,0.201862354914032,-0.0299402242108441
64082301,1,25,4,1,2,3,6,6,1,7,10,8,0.790952380952381,45.13,9,0.44,0.76,60,70,60,60,11,31,80,6.33333333333333,60,40.6666666666667,0.233212422804683,89,69,20,59.5,-0.310785827893948,0.201862354914032,0.808560741393964
68018601,1,22,5,3,2,8,3,4,8,9,9,9,0.817767857142857,41.03,3,0.46,0.64,80,19,80,60,0,60,69,7,70,43,-0.170153160066599,100,40,31,57.75,-0.0157359912857694,-0.919595172386149,0.424871683472121
68014401,1,21,3,1,2,4,2,1,1,3,4,5,NA,41.03,4,0.48,0.84,37,54,65,70,27,17,21,2.66666666666667,67.5,21.6666666666667,0.551228745080672,73,83,79,76.25,0.279313845322408,0.949500706447486,0.424871683472121
64111001,1,22,4,1,2,4,3,4,5,4,8,5,0.914811507936508,27.97,4,0.42,0.82,80,59,80,69,30,69,60,4.83333333333333,74.5,53,-0.213520961997512,70,31,40,52.5,-0.605835664502127,0.762591118564122,-0.79731834005453
64193501,1,26,4,4,4,4,2,1,4,3,7,7,0.679285714285714,31.27,3,0.46,0.86,88,39,74,90,15,19,20,4,82,18,0.210726287756369,85,81,80,84,-0.0157359912857694,1.13641029433085,-0.488495439775974
64181301,1,34,4,5,2,3,3,3,1,5,2,6,0.85655753968254,34.27,5,0.36,0.46,80,60,79,50,21,29,39,3.33333333333333,64.5,29.6666666666667,-1.43350466209224,79,71,61,65.25,-1.49098517432666,-2.60178146333642,-0.207747348613649
64131501,1,30,5,1,0,9,9,3,4,6,7,1,NA,53.63,4,0.58,0.76,80,40,60,79,0,10,0,5,69.5,3.33333333333333,1.18681301654374,100,90,100,92.25,1.7545630283633,0.201862354914032,1.60401366635388
68005001,1,23,5,4,1,5,3,4,8,6,9,10,0.750942460317461,48.9,6,0.48,0.8,70,54,70,54,46,55,31,6.66666666666667,62,44,0.672120961763706,54,45,69,55.5,0.279313845322408,0.57568153068076,1.16136750928795
68024701,2,21,6,3,1,5,1,7,6,7,8,6,0.803928571428572,46.73,6,0.44,0.78,60,21,70,79,19,10,30,5.83333333333333,74.5,19.6666666666667,0.345426390527995,81,90,70,80,-0.310785827893948,0.388771942797396,0.958293056680536
68026201,2,21,4,2,3,7,6,6,8,6,8,7,0.760505952380952,21.3,4,0.42,0.8,80,54,97,88,43,11,4,6.83333333333333,92.5,19.3333333333333,-0.483889687742266,57,89,96,82.5,-0.605835664502127,0.57568153068076,-1.42151492940543
68013901,1,21,4,3,0,7,3,2,5,5,2,1,0.70577380952381,24.3,5,0.48,0.62,74,33,79,83,13,15,8,3,81,12,-0.65598591773007,87,85,92,86.75,0.279313845322408,-1.10650476026951,-1.14076683824311
64187001,1,26,4,1,1,8,1,1,1,10,7,2,0.465545634920635,51.9,2,0.54,0.7,79,19,89,80,16,10,0,3.66666666666667,84.5,8.66666666666667,0.749237515620387,84,90,100,88.5,1.16446335514694,-0.358866408736059,1.44211560045027
64052901,1,31,4,1,3,3,2,2,3,2,3,2,0.673224206349206,32,4,0.4,0.68,90,0,100,99,0,0,41,2.33333333333333,99.5,13.6666666666667,-0.6222805228854,100,100,59,89.5,-0.900885501110305,-0.545775996619422,-0.420180070926475
68046701,2,21,3,2,2,8,1,4,3,7,9,6,0.778501984126984,35.47,5,0.48,0.78,75,54,70,75,16,52,15,5,72.5,27.6666666666667,0.190879225323695,84,48,85,73,0.279313845322408,0.388771942797396,-0.09544811214872
64202001,1,20,4,1,3,3,1,1,1,3,4,9,0.711061507936508,45.47,3,0.54,0.8,71,0,85,84,0,4,1,3.16666666666667,84.5,1.66666666666667,0.860174581406688,100,96,99,94.75,1.16446335514694,0.57568153068076,0.84037885839236
64006401,1,24,5,1,1,8,7,2,8,7,5,7,0.884484126984127,33.1,3,0.5,0.74,75,29,82,72,16,31,29,6,77,25.3333333333333,0.0906924482647666,84,69,71,74,0.574363681930587,0.0149527670306685,-0.317239104166956
68011301,2,23,2,2,1,3,4,4,4,4,4,4,0.649980158730159,21.6,3,0.52,0.76,90,36,90,80,0,20,10,4,85,10,-0.1073880822788,100,80,90,87.5,0.869413518538766,0.201862354914032,-1.3934401202892
